<?xml version="1.0" encoding="UTF-8"?>
<beans xmlns="http://www.springframework.org/schema/beans"
	xmlns:xsi="http://www.w3.org/2001/XMLSchema-instance"
	xmlns:context="http://www.springframework.org/schema/context"
	xmlns:p="http://www.springframework.org/schema/p"
	xmlns:c="http://www.springframework.org/schema/c"
	xsi:schemaLocation="http://www.springframework.org/schema/beans
    http://www.springframework.org/schema/beans/spring-beans.xsd
    http://www.springframework.org/schema/context
    http://www.springframework.org/schema/context/spring-context.xsd">

	<context:component-scan
		base-package="com.cognizant.truyum" />
	<context:annotation-config />

	<bean id="dateFormat" class="java.text.SimpleDateFormat">
		<constructor-arg value="dd/MM/yyyy" />
	</bean>

	<bean id="sandwich" class="com.cognizant.truyum.model.MenuItem">
		<property name="id" value="1" />
		<property name="name" value="Sandwich" />
		<property name="price" value="99.00" />
		<property name="active" value="true" />
		<property name="dateOfLaunch">
			<bean factory-bean="dateFormat" factory-method="parse">
				<constructor-arg value="15/03/2017" />
			</bean>
		</property>
		<property name="category" value="Main Course" />
		<property name="freeDelivery" value="true" />
	</bean>

	<bean id="burger" class="com.cognizant.truyum.model.MenuItem">
		<property name="id" value="2" />
		<property name="name" value="Burger" />
		<property name="price" value="129.00" />
		<property name="active" value="true" />
		<property name="dateOfLaunch">
			<bean factory-bean="dateFormat" factory-method="parse">
				<constructor-arg value="23/12/2017" />
			</bean>
		</property>
		<property name="category" value="Main Course" />
		<property name="freeDelivery" value="false" />
	</bean>

	<bean id="pizza" class="com.cognizant.truyum.model.MenuItem">
		<property name="id" value="3" />
		<property name="name" value="Pizza" />
		<property name="price" value="149.00" />
		<property name="active" value="true" />
		<property name="dateOfLaunch">
			<bean factory-bean="dateFormat" factory-method="parse">
				<constructor-arg value="21/08/2018" />
			</bean>
		</property>
		<property name="category" value="Main Course" />
		<property name="freeDelivery" value="false" />
	</bean>

	<bean id="fries" class="com.cognizant.truyum.model.MenuItem">
		<property name="id" value="4" />
		<property name="name" value="French Fries" />
		<property name="price" value="57.00" />
		<property name="active" value="false" />
		<property name="dateOfLaunch">
			<bean factory-bean="dateFormat" factory-method="parse">
				<constructor-arg value="02/07/2017" />
			</bean>
		</property>
		<property name="category" value="Starters" />
		<property name="freeDelivery" value="true" />
	</bean>

	<bean id="brownie" class="com.cognizant.truyum.model.MenuItem">
		<property name="id" value="5" />
		<property name="name" value="Chocolate Brownie" />
		<property name="price" value="32.00" />
		<property name="active" value="true" />
		<property name="dateOfLaunch">
			<bean factory-bean="dateFormat" factory-method="parse">
				<constructor-arg value="02/11/2022" />
			</bean>
		</property>
		<property name="category" value="Dessert" />
		<property name="freeDelivery" value="true" />
	</bean>

	<bean id="menuItemList" class="java.util.ArrayList">
		<constructor-arg>
			<list>
				<ref bean="sandwich" />
				<ref bean="burger" />
				<ref bean="pizza" />
				<ref bean="fries" />
				<ref bean="sandwich" />
				<ref bean="brownie" />
			</list>
		</constructor-arg>
	</bean>

	<bean id="menuItemDao"
		class="com.cognizant.truyum.dao.MenuItemDaoCollectionImpl">
		<property name="menuItemList">
			<ref bean="menuItems" />
		</property>
	</bean>

	<!-- <bean class="com.cognizant.truyum.dao.CartDaoCollectionImpl" id="cartDaoCollectionImpl"> 
		<property name="userCarts" /> </bean> -->

</beans>